{
 "n_pre": 87543,
 "base_auc": 0.5318330852382414,
 "rank_gain": [
  [
   "xa_dvol_chg24h_z",
   0.015623645968040265
  ],
  [
   "xa_btc_eth_corr288_chg",
   0.014870711232386724
  ],
  [
   "retn_288",
   0.013386532215959797
  ],
  [
   "ti_ema48",
   0.013374173707690368
  ],
  [
   "doi_48b_z",
   0.01300825358806866
  ],
  [
   "xa_mean_corr288_chg",
   0.012610429995080078
  ],
  [
   "vwap_dev_12",
   0.012560083628059993
  ],
  [
   "small_flow_ema12",
   0.012548852917500275
  ],
  [
   "xa_dvol_chg12h_z",
   0.012522798717245112
  ],
  [
   "vov_48",
   0.012510821459668343
  ],
  [
   "pred_funding_z",
   0.01250211056729411
  ],
  [
   "xa_dvol_vel_z",
   0.012274243414397737
  ],
  [
   "vwap_dev_48",
   0.011801149395540013
  ],
  [
   "tt_pos_ls_chg4h_z",
   0.011773030335214487
  ],
  [
   "deribit_fund_spread_z",
   0.011087870671304985
  ],
  [
   "sess_hour_cos",
   0.01087935099469705
  ],
  [
   "xa_dvol_pct90d",
   0.010856942921957193
  ],
  [
   "oi_pctile_30d",
   0.01056392871836405
  ],
  [
   "xa_cb_prem_z7d",
   0.010494290862758307
  ],
  [
   "xa_mean_corr288",
   0.010374561781506223
  ],
  [
   "crowding_score",
   0.01035162678306667
  ],
  [
   "doi_288b_z",
   0.01031786015621914
  ],
  [
   "deribit_fund_spread_bps",
   0.010214643433437726
  ],
  [
   "xa_amp_ratio",
   0.010082424222075637
  ],
  [
   "xa_vrp_z",
   0.009988250583525217
  ],
  [
   "xa_solbtc_rs_4h_z",
   0.009973579222974963
  ],
  [
   "large_flow_ema48",
   0.00994458140167064
  ],
  [
   "sess_hour_sin",
   0.009925920697659284
  ],
  [
   "xa_amp_ratio_z",
   0.009876792115118736
  ],
  [
   "xa_alt_taker_imb_ema",
   0.009830721954279838
  ],
  [
   "rv_gk_48",
   0.009782344822236945
  ],
  [
   "mins_to_funding",
   0.009744557499596308
  ],
  [
   "ls_divergence",
   0.00965596385051426
  ],
  [
   "adx_14",
   0.009542624197045312
  ],
  [
   "large_flow_ema12",
   0.009190927750619728
  ],
  [
   "vwap_dev_288",
   0.009119469538455821
  ],
  [
   "rv_cc_48",
   0.009114878478628323
  ],
  [
   "global_ls_chg4h_z",
   0.008978335918835399
  ],
  [
   "xa_ethbtc_rs_4h_z",
   0.008933287909619286
  ],
  [
   "rv_gk_288",
   0.00873774177529654
  ],
  [
   "xa_vrp",
   0.008724445340377645
  ],
  [
   "rv_cc_12",
   0.00861257821941285
  ],
  [
   "pred_funding_bps",
   0.008548465041770223
  ],
  [
   "sma_z_288",
   0.008466573760518794
  ],
  [
   "xa_cb_prem_chg12",
   0.008409840636094805
  ],
  [
   "xa_dispersion_1h_z",
   0.008406000362768729
  ],
  [
   "xa_alt_taker_imb_z",
   0.008364629965856593
  ],
  [
   "tt_pos_ls_z",
   0.008275598601665391
  ],
  [
   "taker_ls_z_ema",
   0.008260024836439542
  ],
  [
   "retn_96",
   0.008219980583420062
  ],
  [
   "funding_cycle_cos",
   0.008209333907885807
  ],
  [
   "er_288",
   0.008030631362227236
  ],
  [
   "funding_cycle_sin",
   0.008018890481159181
  ],
  [
   "deleverage_dir",
   0.007925230930292834
  ],
  [
   "tt_acct_ls_chg4h_z",
   0.007747447936774039
  ],
  [
   "doi_4b_z",
   0.007513066387469868
  ],
  [
   "xa_solbtc_rs_1h_z",
   0.00742325503277298
  ],
  [
   "sf_x_retn6",
   0.007381330282777969
  ],
  [
   "basis_chg12_z",
   0.007256255578915589
  ],
  [
   "oi_fuel_z",
   0.007245772109510068
  ],
  [
   "funding_pctile_90d",
   0.007201915628195543
  ],
  [
   "rv_cc_288",
   0.007162585566669336
  ],
  [
   "perp_spot_ti_gap",
   0.00703507110780706
  ],
  [
   "ret_288",
   0.007015945538641814
  ],
  [
   "xa_cb_volshare_z",
   0.007004002834341532
  ],
  [
   "oi_fuel",
   0.006978064428742783
  ],
  [
   "perp_ti_ema12",
   0.00693733704978512
  ],
  [
   "tt_acct_ls_z",
   0.006869132731614313
  ],
  [
   "funding_last_z",
   0.006852943444760669
  ],
  [
   "rsi_14",
   0.006834660881480353
  ],
  [
   "xa_dispersion_1h",
   0.006830756111735171
  ],
  [
   "xa_btc_eth_corr288",
   0.006811049995784958
  ],
  [
   "doi_12b_z",
   0.006762620223120228
  ],
  [
   "xa_ethbtc_rs_1h_z",
   0.006744758799936468
  ],
  [
   "retn_48",
   0.006738825162949089
  ],
  [
   "rv_gk_12",
   0.0066864004801714385
  ],
  [
   "sma_z_48",
   0.006315029916281005
  ],
  [
   "er_48",
   0.006301759068711614
  ],
  [
   "xa_cb_prem_ema3",
   0.0063017356430387405
  ],
  [
   "rv48_prank_30d",
   0.0060809819909655215
  ],
  [
   "global_ls_z",
   0.005982566516976431
  ],
  [
   "ret_96",
   0.005952351572555883
  ],
  [
   "xa_eth_ret12_vn",
   0.005584633300745735
  ],
  [
   "rsi_48",
   0.0054930861760724104
  ],
  [
   "xa_bnb_ret12_vn",
   0.005489713129009373
  ],
  [
   "ti_ema12",
   0.00540334512662613
  ],
  [
   "xa_altidx_ret12_vn",
   0.005358912451954755
  ],
  [
   "basis_bps",
   0.005254977647650396
  ],
  [
   "basis_z288",
   0.005154362854015041
  ],
  [
   "er_12",
   0.005138421307268837
  ],
  [
   "xa_sol_ret12_vn",
   0.005072550924056834
  ],
  [
   "dmi_14",
   0.004987550909164694
  ],
  [
   "xa_cb_prem_bps",
   0.004899122672837028
  ],
  [
   "xa_cb_prem_us",
   0.004867039634279052
  ],
  [
   "trades_z_288",
   0.0048510166496578975
  ],
  [
   "lf_x_retn6",
   0.004706674086912718
  ],
  [
   "taker_ls_z",
   0.004613636037582489
  ],
  [
   "ret_6",
   0.004540206095267433
  ],
  [
   "xa_bnb_ret3_vn",
   0.004459561448882324
  ],
  [
   "ret_12",
   0.004444526981169941
  ],
  [
   "retn_6",
   0.004321459134087289
  ],
  [
   "xa_alt_volsurge_z288",
   0.0042671839051846095
  ],
  [
   "xa_sol_ret3_vn",
   0.004261379697626682
  ],
  [
   "perp_share_z_288",
   0.004216099269145822
  ],
  [
   "retn_24",
   0.004207256129076892
  ],
  [
   "xa_eth_ret3_vn",
   0.004194077451289811
  ],
  [
   "xa_breadth_div",
   0.004125550625519343
  ],
  [
   "ret_3",
   0.003860040409307939
  ],
  [
   "retn_12",
   0.0038572625221226574
  ],
  [
   "m1_ti_last",
   0.0037709975411082783
  ],
  [
   "ti_ema6",
   0.0037090580387220454
  ],
  [
   "ret_48",
   0.003694305730798722
  ],
  [
   "perp_ti_z_48",
   0.0036387917612424672
  ],
  [
   "sma_z_12",
   0.0036352564917912257
  ],
  [
   "trades_z_48",
   0.003623080066090141
  ],
  [
   "ret_24",
   0.003588576487538181
  ],
  [
   "vol_z_288",
   0.00355234292952381
  ],
  [
   "prem_chg12_bps",
   0.003512402557425217
  ],
  [
   "xa_breadth_1h_beta",
   0.003483741699800216
  ],
  [
   "sess_dow_cos",
   0.0034253804648843055
  ],
  [
   "vol_z_12",
   0.0034136001426614097
  ],
  [
   "retn_3",
   0.003271235367904244
  ],
  [
   "ats_z_48",
   0.003265520657600158
  ],
  [
   "m1_maxmove_share",
   0.003184861125416966
  ],
  [
   "wick_up_share",
   0.0031800670351271767
  ],
  [
   "ats_z_288",
   0.0031610379416546577
  ],
  [
   "prem_bps",
   0.0031456764739929955
  ],
  [
   "wick_dn_share",
   0.0030722715325309305
  ],
  [
   "sess_dow_sin",
   0.003050378555451339
  ],
  [
   "doi_1b_z",
   0.002968960360286718
  ],
  [
   "prem_z96",
   0.0029556682508125264
  ],
  [
   "vol_z_48",
   0.002935702993831442
  ],
  [
   "xa_breadth_4h",
   0.002889151592968108
  ],
  [
   "xa_altidx_ret1_vn",
   0.0028345648663116
  ],
  [
   "range_prank_30d",
   0.0028200772548761435
  ],
  [
   "ti_raw",
   0.002751027160806451
  ],
  [
   "xa_btc_volshare_z",
   0.002630200342553642
  ],
  [
   "taker_ls_chg4h_z",
   0.0026102161283568536
  ],
  [
   "ti_persist_12",
   0.002276231773246194
  ],
  [
   "xa_altbtc_vol_ratio_z",
   0.002221380690641779
  ],
  [
   "xa_bnb_ret1_vn",
   0.0021414595048112072
  ],
  [
   "xa_sol_ret1_vn",
   0.0021087050521307205
  ],
  [
   "m1_last_retn",
   0.002072644582581509
  ],
  [
   "xa_frac_alts_up_4h",
   0.0020335886846644447
  ],
  [
   "xa_eth_ret1_vn",
   0.002000112096182375
  ],
  [
   "ti_z_48",
   0.0018950342795558577
  ],
  [
   "m1_ti_mean",
   0.0017875946843815937
  ],
  [
   "xa_breadth_15m",
   0.0017252225088922872
  ],
  [
   "body_range",
   0.0016216271563792974
  ],
  [
   "retn_1",
   0.0015849757924545343
  ],
  [
   "body_z_48",
   0.0015787557187262981
  ],
  [
   "ret_1",
   0.0015267864825627671
  ],
  [
