{
 "all163": {
  "0.025": {
   "n": 4467,
   "hit": 0.5415267517349451,
   "perwin": [
    0.5347334410339257,
    0.5350253807106599,
    0.5798816568047337,
    0.5864661654135338
   ]
  },
  "0.01": {
   "n": 2549,
   "hit": 0.5492349941153394,
   "perwin": [
    0.5347334410339257,
    0.6,
    0.5798816568047337,
    0.65
   ]
  }
 },
 "top80": {
  "0.025": {
   "n": 2043,
   "hit": 0.5452765540871267,
   "perwin": [
    0.543046357615894,
    0.580078125,
    0.5221052631578947,
    0.5133333333333333
   ]
  },
  "0.01": {
   "n": 358,
   "hit": 0.5502793296089385,
   "perwin": [
    0.6507936507936508,
    0.6416666666666667,
    0.4074074074074074,
    0.5223880597014925
   ]
  }
 },
 "top40": {
  "0.025": {
   "n": 1176,
   "hit": 0.560374149659864,
   "perwin": [
    0.5552325581395349,
    0.5689655172413793,
    0.5313653136531366,
    0.5835866261398176
   ]
  },
  "0.01": {
   "n": 870,
   "hit": 0.5540229885057472,
   "perwin": [
    0.5511551155115512,
    0.61,
    0.4492753623188406,
    0.5835866261398176
   ]
  }
 },
 "top25": {
  "0.025": {
   "n": 1524,
   "hit": 0.562992125984252,
   "perwin": [
    0.5871212121212122,
    0.5902255639097744,
    0.5386029411764706,
    0.5217391304347826
   ]
  },
  "0.01": {
   "n": 1418,
   "hit": 0.5634696755994358,
   "perwin": [
    0.6075949367088608,
    0.5902255639097744,
    0.5386029411764706,
    0.5217391304347826
   ]
  }
 },
 "curated": {
  "0.025": {
   "n": 2860,
   "hit": 0.5318181818181819,
   "perwin": [
    0.5109489051094891,
    0.5347801892042293,
    0.5505050505050505,
    0.5210084033613446
   ]
  },
  "0.01": {
   "n": 391,
   "hit": 0.5498721227621484,
   "perwin": [
    0.5421686746987951,
    0.6052631578947368,
    0.4959349593495935,
    0.5633802816901409
   ]
  }
 }
}