{"bl_ref": {"pooled": {"0.05": [0.5479, 3099], "0.025": [0.5446, 2345], "0.01": [0.5474, 1867]}, "windows": [[0, -1.9, {"0.05": [0.5720081135902637, 493], "0.025": [0.6076555023923444, 209], "0.01": [0.5963302752293578, 109]}], [1, 10.8, {"0.05": [0.5078369905956113, 319], "0.025": [0.5054545454545455, 275], "0.01": [0.5054545454545455, 275]}], [2, 10.1, {"0.05": [0.5469728601252609, 479], "0.025": [0.5562130177514792, 338], "0.01": [0.5562130177514792, 338]}], [3, 5.3, {"0.05": [0.575098814229249, 506], "0.025": [0.5520361990950227, 221], "0.01": [0.5520361990950227, 221]}], [4, 0.6, {"0.05": [0.545766590389016, 874], "0.025": [0.545766590389016, 874], "0.01": [0.545766590389016, 874]}], [5, 6.0, {"0.05": [0.5233644859813084, 428], "0.025": [0.5233644859813084, 428], "0.01": [0.62, 50]}]], "sec": 60}}
{"lgbm_shallow": {"pooled": {"0.05": [0.537, 3799], "0.025": [0.5484, 2571], "0.01": [0.5622, 1037]}, "windows": [[0, -1.9, {"0.05": [0.5659824046920822, 341], "0.025": [0.5659824046920822, 341], "0.01": [0.5659824046920822, 341]}], [1, 10.8, {"0.05": [0.5303760848601736, 1037], "0.025": [0.5303760848601736, 1037], "0.01": [0.4791666666666667, 48]}], [2, 10.1, {"0.05": [0.5671232876712329, 365], "0.025": [0.5671232876712329, 365], "0.01": [0.5671232876712329, 365]}], [3, 5.3, {"0.05": [0.546236559139785, 465], "0.025": [0.546236559139785, 465], "0.01": [0.583941605839416, 137]}], [4, 0.6, {"0.05": [0.5392077607113985, 1237], "0.025": [0.5665399239543726, 263], "0.01": [0.5, 46]}], [5, 6.0, {"0.05": [0.4774011299435028, 354], "0.025": [0.57, 100], "0.01": [0.57, 100]}]], "sec": 58}, "lgbm_shallow_slow": {"pooled": {"0.05": [0.54, 3876], "0.025": [0.5603, 1842], "0.01": [0.5632, 831]}, "windows": [[0, -1.9, {"0.05": [0.5325542570951586, 1198], "0.025": [0.6074766355140186, 214], "0.01": [0.6074766355140186, 214]}], [1, 10.8, {"0.05": [0.5403377110694184, 533], "0.025": [0.5403377110694184, 533], "0.01": [0.5238095238095238, 63]}], [2, 10.1, {"0.05": [0.5363881401617251, 371], "0.025": [0.5363881401617251, 371], "0.01": [0.5228426395939086, 197]}], [3, 5.3, {"0.05": [0.5480673934588701, 1009], "0.025": [0.5988538681948424, 349], "0.01": [0.6209150326797386, 153]}], [4, 0.6, {"0.05": [0.547808764940239, 502], "0.025": [0.5644444444444444, 225], "0.01": [0.5185185185185185, 54]}], [5, 6.0, {"0.05": [0.532319391634981, 263], "0.025": [0.5266666666666666, 150], "0.01": [0.5266666666666666, 150]}]], "sec": 82}, "lgbm_mid_slow": {"pooled": {"0.05": [0.5413, 4663], "0.025": [0.5584, 1857], "0.01": [0.5421, 878]}, "windows": [[0, -1.9, {"0.05": [0.5810473815461347, 401], "0.025": [0.5810473815461347, 401], "0.01": [0.6267605633802817, 142]}], [1, 10.8, {"0.05": [0.5253077975376197, 731], "0.025": [0.5416666666666666, 144], "0.01": [0.5, 82]}], [2, 10.1, {"0.05": [0.543046357615894, 453], "0.025": [0.5375722543352601, 346], "0.01": [0.5375722543352601, 346]}], [3, 5.3, {"0.05": [0.5410691003911343, 767], "0.025": [0.5611285266457681, 319], "0.01": [0.5161290322580645, 155]}], [4, 0.6, {"0.05": [0.5579710144927537, 552], "0.025": [0.5579710144927537, 552], "0.01": [0.46551724137931033, 58]}], [5, 6.0, {"0.05": [0.5332575326890279, 1759], "0.025": [0.5578947368421052, 95], "0.01": [0.5578947368421052, 95]}]], "sec": 104}, "lgbm_deep": {"pooled": {"0.05": [0.5339, 3823], "0.025": [0.5403, 2628], "0.01": [0.5529, 1020]}, "windows": [[0, -1.9, {"0.05": [0.5421940928270043, 474], "0.025": [0.5669781931464174, 321], "0.01": [0.5242718446601942, 103]}], [1, 10.8, {"0.05": [0.513317191283293, 413], "0.025": [0.513317191283293, 413], "0.01": [0.5185185185185185, 81]}], [2, 10.1, {"0.05": [0.5308427454387489, 1151], "0.025": [0.5308427454387489, 1151], "0.01": [0.5698924731182796, 93]}], [3, 5.3, {"0.05": [0.5427974947807933, 479], "0.025": [0.5182481751824818, 274], "0.01": [0.5182481751824818, 274]}], [4, 0.6, {"0.05": [0.5281220209723546, 1049], "0.025": [0.5792682926829268, 328], "0.01": [0.5792682926829268, 328]}], [5, 6.0, {"0.05": [0.5719844357976653, 257], "0.025": [0.5886524822695035, 141], "0.01": [0.5886524822695035, 141]}]], "sec": 164}, "lgbm_deeper": {"pooled": {"0.05": [0.5611, 2666], "0.025": [0.5635, 1631], "0.01": [0.5673, 996]}, "windows": [[0, -1.9, {"0.05": [0.5833333333333334, 564], "0.025": [0.604, 250], "0.01": [0.604, 250]}], [1, 10.8, {"0.05": [0.5581395348837209, 344], "0.025": [0.5679611650485437, 206], "0.01": [0.5348837209302325, 129]}], [2, 10.1, {"0.05": [0.5865102639296188, 341], "0.025": [0.5732758620689655, 232], "0.01": [0.5732758620689655, 232]}], [3, 5.3, {"0.05": [0.5714285714285714, 483], "0.025": [0.5769230769230769, 260], "0.01": [0.5652173913043478, 184]}], [4, 0.6, {"0.05": [0.5268817204301075, 558], "0.025": [0.5268817204301075, 558], "0.01": [0.4473684210526316, 76]}], [5, 6.0, {"0.05": [0.5452127659574468, 376], "0.025": [0.592, 125], "0.01": [0.592, 125]}]], "sec": 472}, "lgbm_fast31": {"pooled": {"0.05": [0.5485, 4432], "0.025": [0.5508, 3130], "0.01": [0.5429, 652]}, "windows": [[0, -1.9, {"0.05": [0.5617816091954023, 696], "0.025": [0.5617816091954023, 696], "0.01": [0.5398773006134969, 163]}], [1, 10.8, {"0.05": [0.5539772727272727, 352], "0.025": [0.5039370078740157, 127], "0.01": [0.5, 84]}], [2, 10.1, {"0.05": [0.5437262357414449, 1315], "0.025": [0.5437262357414449, 1315], "0.01": [0.5921052631578947, 76]}], [3, 5.3, {"0.05": [0.5574948665297741, 974], "0.025": [0.5490716180371353, 377], "0.01": [0.5748502994011976, 167]}], [4, 0.6, {"0.05": [0.5664621676891616, 489], "0.025": [0.5664621676891616, 489], "0.01": [0.5046728971962616, 107]}], [5, 6.0, {"0.05": [0.5115511551155115, 606], "0.025": [0.5555555555555556, 126], "0.01": [0.5272727272727272, 55]}]], "sec": 99}, "lgbm_63_cs04": {"pooled": {"0.05": [0.5384, 3089], "0.025": [0.551, 1844], "0.01": [0.5429, 1048]}, "windows": [[0, -1.9, {"0.05": [0.5675146771037182, 511], "0.025": [0.5830258302583026, 271], "0.01": [0.5652173913043478, 161]}], [1, 10.8, {"0.05": [0.5447154471544715, 369], "0.025": [0.5447154471544715, 369], "0.01": [0.5362318840579711, 69]}], [2, 10.1, {"0.05": [0.5164233576642335, 548], "0.025": [0.5284280936454849, 299], "0.01": [0.5284280936454849, 299]}], [3, 5.3, {"0.05": [0.5520361990950227, 442], "0.025": [0.5520361990950227, 442], "0.01": [0.5318181818181819, 220]}], [4, 0.6, {"0.05": [0.5206611570247934, 968], "0.025": [0.5377358490566038, 212], "0.01": [0.5208333333333334, 48]}], [5, 6.0, {"0.05": [0.5617529880478087, 251], "0.025": [0.5617529880478087, 251], "0.01": [0.5617529880478087, 251]}]], "sec": 136}, "bl_cs04": {"pooled": {"0.05": [0.5279, 3760], "0.025": [0.5268, 2688], "0.01": [0.5408, 1766]}, "windows": [[0, -1.9, {"0.05": [0.5275590551181102, 635], "0.025": [0.5708154506437768, 233], "0.01": [0.6153846153846154, 130]}], [1, 10.8, {"0.05": [0.5274509803921569, 510], "0.025": [0.5182481751824818, 274], "0.01": [0.5730337078651685, 89]}], [2, 10.1, {"0.05": [0.5369649805447471, 1028], "0.025": [0.5369649805447471, 1028], "0.01": [0.5369649805447471, 1028]}], [3, 5.3, {"0.05": [0.5467625899280576, 556], "0.025": [0.5163398692810458, 306], "0.01": [0.5073170731707317, 205]}], [4, 0.6, {"0.05": [0.5256410256410257, 468], "0.025": [0.5352112676056338, 284], "0.01": [0.5541125541125541, 231]}], [5, 6.0, {"0.05": [0.4955595026642984, 563], "0.025": [0.4955595026642984, 563], "0.01": [0.4819277108433735, 83]}]], "sec": 35}, "xgb_d6": {"pooled": {"0.05": [0.5359, 4055], "0.025": [0.545, 3134], "0.01": [0.5473, 1394]}, "windows": [[0, -1.9, {"0.05": [0.5613126079447323, 579], "0.025": [0.6106194690265486, 226], "0.01": [0.6106194690265486, 226]}], [1, 10.8, {"0.05": [0.5265700483091788, 414], "0.025": [0.5406162464985994, 357], "0.01": [0.5376344086021505, 93]}], [2, 10.1, {"0.05": [0.5339547270306259, 751], "0.025": [0.5339547270306259, 751], "0.01": [0.5339547270306259, 751]}], [3, 5.3, {"0.05": [0.5363825363825364, 481], "0.025": [0.5703422053231939, 263], "0.01": [0.5234375, 128]}], [4, 0.6, {"0.05": [0.5361702127659574, 1410],